{
    "meta": {
        "software": "slipcover",
        "version": "1.0.17",
        "timestamp": "2025-10-11T19:51:09.340406",
        "branch_coverage": false,
        "show_contexts": false
    },
    "files": {
        "src/giso/__init__.py": {
            "executed_lines": [
                1
            ],
            "missing_lines": [],
            "summary": {
                "covered_lines": 1,
                "missing_lines": 0,
                "percent_covered": 100.0
            }
        },
        "src/giso/_core.py": {
            "executed_lines": [
                1,
                3,
                4,
                5,
                8,
                9,
                10,
                12,
                15,
                22,
                23,
                24,
                27,
                28,
                33,
                35,
                36,
                37,
                39,
                40,
                41,
                43,
                44,
                46,
                49,
                50,
                52,
                61,
                62,
                64,
                65,
                66,
                67,
                69,
                71,
                79,
                80,
                81,
                83,
                84,
                92,
                93,
                95,
                96,
                97,
                98,
                100,
                102,
                111,
                113,
                114,
                116,
                118,
                119,
                121,
                122,
                124,
                125,
                126,
                128,
                129,
                130,
                134,
                137,
                140,
                141,
                144,
                145,
                148,
                149
            ],
            "missing_lines": [
                47,
                53,
                54,
                131,
                132
            ],
            "summary": {
                "covered_lines": 70,
                "missing_lines": 5,
                "percent_covered": 93.33333333333333
            }
        },
        "src/giso/_cli.py": {
            "executed_lines": [
                1,
                4,
                5,
                6,
                8,
                9,
                10,
                12,
                39,
                40,
                42,
                43,
                44,
                46,
                47,
                48,
                49,
                50,
                51,
                52,
                53,
                54,
                55,
                57,
                58,
                59,
                60,
                61,
                63,
                65,
                66,
                67,
                70,
                72,
                73,
                74,
                76,
                78,
                80,
                82,
                84,
                85,
                86,
                87,
                89,
                91,
                92,
                93,
                98
            ],
            "missing_lines": [
                95,
                99
            ],
            "summary": {
                "covered_lines": 49,
                "missing_lines": 2,
                "percent_covered": 96.07843137254902
            }
        }
    },
    "summary": {
        "covered_lines": 120,
        "missing_lines": 7,
        "percent_covered": 94.48818897637796,
        "percent_covered_display": "94"
    }
}
